{
    "1": 9546.955665288115,
    "2": 5053.90576517419,
    "3": 6404.155769051984,
    "4": 8844.925084038638,
    "5": 10135.627883565612,
    "6": 9746.56894084625,
    "7": 11396.99492401909,
    "8": 8244.489651308395,
    "9": 9006.255921165459,
    "10": 8560.811591720209,
    "11": 5214.417291854508,
    "12": 7854.010826562531,
    "13": 50105.48322123662,
    "14": 9081.801663484424,
    "15": 9537.70622160472,
    "16": 6222.892508149147,
    "17": 13272.691838147119,
    "18": 104898.5261025913,
    "19": 9122.32631033659,
    "20": 5132.92238404043,
    "21": 7651.98213778995,
    "22": 9253.89989399165,
    "23": 4842.992503777146,
    "24": 12977.538803827018,
    "25": 9614.735787652433,
    "26": 6204.015000194311,
    "27": 6946.553394284099,
    "28": 6593.776173137128,
    "29": 11340.27892061323,
    "30": 8231.476221028715,
    "31": 8452.146355960518,
    "32": 10130.074606660753,
    "33": 8550.960086289793,
    "34": 10102.871835760772,
    "35": 8802.699304185808,
    "36": 9272.709683317691,
    "37": 7713.642220459878,
    "38": 10531.73574059084,
    "39": 9856.927975304425,
    "40": 11071.447454497218,
    "41": 8867.421911749989,
    "42": 9452.558658398688,
    "43": 10749.361157286912,
    "44": 7593.836380824447,
    "45": 10354.205667942762,
    "46": 13109.806142576039,
    "47": 10711.16207561642,
    "48": 5837.542288158089,
    "49": 6005.789796046913,
    "50": 9557.37881865725,
    "51": 9255.319200050086,
    "52": 10158.565571181476,
    "53": 7227.620595451444,
    "54": 9861.105060085654,
    "55": 5493.688655607402,
    "56": 8238.979217246175,
    "57": 12877.83119957894,
    "58": 8386.613950818777,
    "59": 7910.287183500826,
    "60": 7040.499275170267,
    "61": 8982.17535290867,
    "62": 9188.030454657972,
    "63": 6691.168558828533,
    "64": 8069.939968965948,
    "65": 8407.296276330948,
    "66": 10456.428401440382,
    "67": 8290.302562564611,
    "68": 8560.209795683622,
    "69": 6688.68775254488,
    "70": 7825.542020067573,
    "71": 10540.783199936152,
    "72": 9869.327836707234,
    "73": 6323.7741893306375,
    "74": 8772.688175275922,
    "75": 9315.131632611156,
    "76": 6558.294580817223,
    "77": 14051.271228022873,
    "78": 11803.65004285425,
    "79": 6238.944624878466,
    "80": 10757.65798393637,
    "81": 7908.5320537388325,
    "82": 8562.055576138198,
    "83": 10633.653740882874,
    "84": 11048.000244997442,
    "85": 9211.052845858037,
    "86": 8446.396262437105,
    "87": 6573.4281561002135,
    "88": 6109.671274237335,
    "89": 12302.48567635566,
    "90": 7932.923795409501,
    "91": 12161.466013558209,
    "92": 7984.999952509999,
    "93": 10155.950625702739,
    "94": 8694.298523619771,
    "95": 7688.031942270696,
    "96": 9193.943885289133,
    "97": 13252.291541695595,
    "98": 8618.270067974925,
    "99": 11966.36130490154,
    "100": 12235.27873224765,
    "101": 8610.627855673432,
    "102": 7729.392246477306,
    "103": 10128.725676864386,
    "104": 7984.1093427836895,
    "105": 9523.19895195961,
    "106": 7039.989738881588,
    "107": 9027.703397721052
}