{
    "1": 230727.5797572816,
    "2": 221601.67033197885,
    "3": 285769.14099818526,
    "4": 248783.61811276025,
    "5": 242486.9498369326,
    "6": 232427.53202330275,
    "7": 226469.70303268032,
    "8": 230595.3189250417,
    "9": 218488.01469095517,
    "10": 222644.66859243717,
    "11": 222797.33738914505,
    "12": 242571.78999656532,
    "13": 229599.90474486724,
    "14": 219386.38676074333,
    "15": 212606.65768350847,
    "16": 215685.160735433,
    "17": 234904.66939391755,
    "18": 219183.2958317697,
    "19": 241759.24210620858,
    "20": 235961.43964878283,
    "21": 228115.4665260017,
    "22": 238676.3923411686,
    "23": 229764.04816680215,
    "24": 209807.97763253935,
    "25": 213650.51151608676,
    "26": 239509.26708943583,
    "27": 229412.0742811598,
    "28": 233813.7951305043,
    "29": 211523.80567657202,
    "30": 218324.8960860651,
    "31": 224375.63491509482,
    "32": 208973.00489795022,
    "33": 253323.2136457041,
    "34": 230368.96209967136,
    "35": 210260.17655013502,
    "36": 239351.61457791552,
    "37": 223984.3542220723,
    "38": 219347.37740735337,
    "39": 216747.55839433894,
    "40": 211314.35308479518,
    "41": 239715.8744558841,
    "42": 319873.00579223037,
    "43": 298110.9531139061,
    "44": 212074.9110061638,
    "45": 235474.2986104749,
    "46": 243913.94771740586,
    "47": 212366.2212937735,
    "48": 227572.9819100052,
    "49": 440941.41222187877,
    "50": 241357.9333774373,
    "51": 230768.71634076163,
    "52": 221709.72973160818,
    "53": 242325.2828963101,
    "54": 232873.29191718996,
    "55": 243079.79294885695,
    "56": 311318.0400903821,
    "57": 216480.01705245674,
    "58": 243390.77431309223,
    "59": 257539.43196947128,
    "60": 239971.06872869283,
    "61": 230113.73194803298,
    "62": 222367.81555180252,
    "63": 215415.97481152415,
    "64": 213392.42541722953,
    "65": 228886.25702320784,
    "66": 217673.1232560128,
    "67": 238771.5315965265,
    "68": 226983.29102576524,
    "69": 263464.9386797026,
    "70": 221348.45521704853,
    "71": 218293.08371005207,
    "72": 233552.24736458063,
    "73": 219382.3996784985,
    "74": 238431.30951412022,
    "75": 218961.47959280014,
    "76": 216336.29577486217,
    "77": 204995.57047782838,
    "78": 219345.89571810514,
    "79": 229858.0830891654,
    "80": 226112.63135018945,
    "81": 240874.6012495607,
    "82": 370855.3482485488,
    "83": 248509.80069231242,
    "84": 228142.3319137767,
    "85": 210606.93189767003,
    "86": 231718.91503496468,
    "87": 222467.48454483598,
    "88": 239227.9606191665,
    "89": 218805.66272558272,
    "90": 264018.0913208127,
    "91": 213454.53108545393,
    "92": 249228.6245444566,
    "93": 238705.24724785984,
    "94": 226288.74980594963,
    "95": 231964.41159469634,
    "96": 233639.5488904491,
    "97": 218921.52858486772,
    "98": 228663.44722827524,
    "99": 215885.93814324588,
    "100": 223175.58773696423,
    "101": 219145.80534154177,
    "102": 212556.66178474575,
    "103": 258669.7689749375,
    "104": 256494.93287650496,
    "105": 318161.83453736454,
    "106": 140530.545996435
}