{
    "1": 10468.68633704505,
    "2": 8545.197392961789,
    "3": 10350.227147210586,
    "4": 9437.727962093806,
    "5": 10872.950165063638,
    "6": 9253.74060749932,
    "7": 7517.689899862584,
    "8": 9943.218823785137,
    "9": 7767.442550632884,
    "10": 8907.448281993857,
    "11": 9127.714865147063,
    "12": 5843.185207423419,
    "13": 6324.214556327599,
    "14": 6557.98615287256,
    "15": 11210.952197895254,
    "16": 10963.970614303485,
    "17": 8030.571397281135,
    "18": 7524.939081746619,
    "19": 12228.959554339905,
    "20": 5763.080533953587,
    "21": 9106.852788547898,
    "22": 11296.28223568693,
    "23": 11657.716648287198,
    "24": 8937.808263019862,
    "25": 6512.419627049676,
    "26": 20882.36879594339,
    "27": 4900.9900444874365,
    "28": 8669.372156013706,
    "29": 6661.683459397958,
    "30": 8393.859519656049,
    "31": 10372.875116471725,
    "32": 12455.641019083909,
    "33": 8479.608980428544,
    "34": 10030.621921124344,
    "35": 13291.844445346156,
    "36": 10477.506680305523,
    "37": 9690.79249723343,
    "38": 10748.922542655724,
    "39": 7622.788328124327,
    "40": 9955.541175199789,
    "41": 13346.914496065525,
    "42": 7435.100926549814,
    "43": 8761.942343214934,
    "44": 8595.986553195224,
    "45": 8753.109478608472,
    "46": 15383.30545351695,
    "47": 10475.085817712185,
    "48": 9610.627205475059,
    "49": 9940.661247543001,
    "50": 6618.902500853699,
    "51": 16920.875766073237,
    "52": 9650.32987527235,
    "53": 9322.59115376079,
    "54": 9659.307460258366,
    "55": 5958.981850578333,
    "56": 10040.579862071085,
    "57": 7802.437876334647,
    "58": 8523.467281371588,
    "59": 5650.484817350167,
    "60": 8452.25021636195,
    "61": 13264.274400517344,
    "62": 10140.900702266139,
    "63": 6354.689344618237,
    "64": 9965.785680202302,
    "65": 6695.185554987751,
    "66": 7113.429615176283,
    "67": 11024.006672093994,
    "68": 11524.928412686684,
    "69": 10420.112982490915,
    "70": 5336.850566243171,
    "71": 7675.596990988823,
    "72": 12422.505669171107,
    "73": 5699.336098322878,
    "74": 8012.220103048254,
    "75": 9708.571750015719,
    "76": 11185.379819060676,
    "77": 9375.325336564565,
    "78": 10467.13408305985,
    "79": 12114.753943918971,
    "80": 9053.126480804407,
    "81": 10068.679145183996,
    "82": 11624.926305966568,
    "83": 10522.1051635755,
    "84": 7082.78762292699,
    "85": 8633.841451855376,
    "86": 7891.845779890777,
    "87": 7298.794231126783
}